model,feature,importance
Random Forest,thsr,0.12697466368316843
Random Forest,mrt,0.10935979013220329
Random Forest,lpg,0.09770205960769122
Random Forest,緯度,0.08574969109245854
Random Forest,mall,0.06897244111845098
Random Forest,經度,0.06652390497155773
Random Forest,屋齡,0.060435282631045
Random Forest,原住民人口比率,0.055593479162311436
Random Forest,總樓層數值,0.05268343178796857
Random Forest,土地移轉總面積平方公尺,0.03456723608994635
Random Forest,社經_PC1,0.033696550096322254
Random Forest,原住民_PC1,0.031418095224154514
Random Forest,移轉層次值,0.02926634565169683
Random Forest,主建物面積,0.024461573266081473
Random Forest,社經_PC2,0.024340730314357736
Random Forest,建物移轉總面積平方公尺,0.023169682911941308
Random Forest,扶養比,0.020567685507276584
Random Forest,扶老比,0.020295331194975622
Random Forest,扶幼比,0.017624574518153847
Random Forest,陽台面積,0.01659745103823828
XGBoost,thsr,3.985668420791626
XGBoost,mrt,2.1382083892822266
XGBoost,原住民人口比率,2.007218360900879
XGBoost,經度,1.092430830001831
XGBoost,屋齡,0.999703049659729
XGBoost,總樓層數值,0.9250485897064209
XGBoost,lpg,0.7494112849235535
XGBoost,緯度,0.6887280941009521
XGBoost,移轉層次值,0.6327067613601685
XGBoost,mall,0.5907502174377441
XGBoost,扶養比,0.49753639101982117
XGBoost,社經_PC2,0.49554818868637085
XGBoost,土地移轉總面積平方公尺,0.4908733665943146
XGBoost,社經_PC1,0.4270552098751068
XGBoost,扶老比,0.39812803268432617
XGBoost,原住民_PC1,0.3746737539768219
XGBoost,扶幼比,0.3463939130306244
XGBoost,主建物面積,0.2955911457538605
XGBoost,建物移轉總面積平方公尺,0.29214221239089966
XGBoost,陽台面積,0.21576474606990814
